number_sta,n_registros,fecha_min,fecha_max,lat,lon,height_sta,n_anios,cobertura,pct_nan_dd,pct_nan_ff,pct_nan_precip,pct_nan_hu,pct_nan_td,pct_nan_t,pct_nan_psl
76208001,262849,2016-01-01 00:00:00,2018-12-31 23:54:00,49.51,1.72,104.0,3,0.9992738746958637,1.0,1.0,0.0,1.0,1.0,0.0,1.0
79320002,262823,2016-01-01 00:00:00,2018-12-31 23:54:00,46.46,-0.46,100.0,3,0.9991750304136253,1.0,1.0,2.2829052251926996e-05,1.0,1.0,0.0,1.0
86021002,262807,2016-01-01 00:00:00,2018-12-31 23:54:00,46.57,0.05,150.0,3,0.999114203163017,1.0,1.0,0.0,1.0,1.0,0.0,1.0
86039001,262592,2016-01-01 00:00:00,2018-12-31 23:54:00,46.28,0.19,148.0,3,0.9982968369829683,1.0,1.0,3.8081891299279746e-06,1.0,1.0,0.0,1.0
62548002,262587,2016-01-01 00:00:00,2018-12-31 23:54:00,50.96,1.96,3.0,3,0.9982778284671533,0.0002627700533537336,0.00025896179171092104,0.00012186437256989091,1.5233046571250242e-05,1.5233046571250242e-05,0.0,1.5233046571250242e-05
28064002,262574,2016-01-01 00:00:00,2018-12-31 23:54:00,48.8,1.49,132.0,3,0.998228406326034,1.0,1.0,0.0,1.0,1.0,0.0,1.0
14501002,262265,2016-01-01 00:00:00,2018-12-31 23:54:00,48.89,-0.39,185.0,3,0.9970536800486618,1.0,1.0,0.0,1.0,1.0,0.0,1.0
28214003,261762,2016-01-01 00:00:00,2018-12-31 23:54:00,48.48,1.01,200.0,3,0.9951414233576642,1.0,1.0,2.6741849466271894e-05,1.0,1.0,0.0,1.0
28190001,259716,2016-01-01 00:00:00,2018-12-31 23:54:00,48.081,1.666,132.0,3,0.9873631386861313,1.0,1.0,0.0,0.05564924763972956,0.05564924763972956,0.0,1.0
79079013,259620,2016-01-01 00:00:00,2018-12-31 23:54:00,46.929,-0.758,150.0,3,0.9869981751824818,1.0,1.0,0.0003235498035590867,1.0,1.0,0.0,1.0
28252002,258768,2016-01-01 00:00:00,2018-12-31 23:54:00,48.253,0.989,267.0,3,0.9837591240875913,1.0,1.0,0.0,1.1593396401443634e-05,1.1593396401443634e-05,0.0,1.0
28002001,255438,2016-01-01 00:00:00,2018-12-16 18:06:00,48.191,1.847,133.0,3,0.9710994525547445,1.0,1.0,0.0,7.82968861323674e-06,7.82968861323674e-06,0.0,1.0
76171001,262915,2016-01-01 00:00:00,2018-12-31 23:54:00,49.54,1.44,197.0,3,0.9995247871046229,1.0,1.0,3.8035106403322416e-06,1.0,1.0,3.8035106403322416e-06,1.0
85092004,262725,2016-01-01 00:00:00,2018-12-31 23:54:00,46.45,-0.78,20.0,3,0.9988024635036497,0.0006775145113712133,0.0006775145113712133,5.3287658197787025e-05,7.612522599731442e-06,7.612522599731442e-06,3.8062612998102097e-06,1.0
79202003,262706,2016-01-01 00:00:00,2018-12-31 23:54:00,46.64,-0.26,159.0,3,0.9987302311435523,1.0,1.0,3.806536584605169e-06,1.0,1.0,3.806536584605169e-06,1.0
28215001,257073,2016-01-01 00:00:00,2018-12-31 23:54:00,48.329,1.817,145.0,3,0.9773152372262773,1.0,1.0,0.0,7.779891314951826e-06,7.779891314951826e-06,3.889945657475913e-06,1.0
41173003,190443,2016-10-25 15:06:00,2018-12-31 23:54:00,47.904,1.522,128.0,3,0.7240077554744525,0.0064008653507873214,0.0064008653507873214,4.7258234747382666e-05,5.250914971943743e-06,5.250914971943743e-06,5.250914971943743e-06,1.0
37107001,262822,2016-01-01 00:00:00,2018-12-31 23:54:00,46.99,0.88,123.0,3,0.9991712287104623,0.003062909497682842,7.990198689611372e-05,2.2829139113111907e-05,0.0065101095037706225,0.0065139143602894745,7.609713037703969e-06,1.0
79270003,262818,2016-01-01 00:00:00,2018-12-31 23:54:00,46.42,-0.21,83.0,3,0.9991560218978102,1.0,1.0,7.609828854948653e-06,1.0,1.0,7.609828854948653e-06,1.0
22266001,262733,2016-01-01 00:00:00,2018-12-31 23:54:00,48.23,-3.31,259.0,3,0.9988328771289537,0.15935569570628738,0.15935569570628738,3.4255308621333747e-05,0.15914255156375479,0.1591501638545596,7.612290804703825e-06,1.0
29120001,261837,2016-01-01 00:00:00,2018-12-31 23:54:00,48.28,-4.44,83.0,3,0.9954265510948905,0.0002444268762626933,0.00013367094795613266,0.00011457509824819301,7.638339883264678e-06,7.638339883264678e-06,7.638339883264678e-06,7.638339883264678e-06
78465001,222300,2016-01-01 00:00:00,2018-08-13 12:00:00,48.86,1.694,102.0,3,0.8451186131386861,0.003976608187134523,0.003976608187134523,1.799370220423313e-05,1.0,1.0,8.996851102116565e-06,1.0
28196003,212337,2016-07-21 15:00:00,2018-12-31 23:54:00,48.283,1.253,170.0,3,0.8072422445255475,1.0,1.0,8.948040143730296e-05,1.0,1.0,9.418989625031848e-06,1.0
76746001,187228,2016-11-09 07:06:00,2018-12-31 23:54:00,49.815,0.568,86.0,3,0.7117852798053528,0.0023020061101971523,0.0023020061101971523,6.409297754605969e-05,0.01892879270194625,0.01892879270194625,1.0682162924324778e-05,1.0
36035002,186334,2016-11-15 13:06:00,2018-12-31 23:54:00,46.457,1.302,126.0,3,0.7083865571776156,1.0,1.0,6.440048515032881e-05,1.0,1.0,1.0733414191665958e-05,1.0
56017003,262859,2016-01-01 00:00:00,2018-12-31 23:54:00,47.88,-2.73,112.0,3,0.9993118917274939,0.0005592351793166639,0.0005592351793166639,0.006969515976245844,2.282592568636499e-05,2.6630246634073984e-05,1.1412962843238006e-05,1.0
49191001,262771,2016-01-01 00:00:00,2018-12-31 23:54:00,47.25,-0.44,73.0,3,0.9989773418491484,0.0029569473039262606,0.0029569473039262606,4.9472734814703934e-05,1.1416784957196668e-05,1.902797492869812e-05,1.1416784957196668e-05,1.0
85216001,262712,2016-01-01 00:00:00,2018-12-31 23:54:00,46.44,-1.12,3.0,3,0.9987530413625304,0.05852035689271906,0.05852035689271906,1.5225798593143658e-05,1.0,1.0,1.1419348944885499e-05,1.0
28380003,262455,2016-01-01 00:00:00,2018-12-31 23:54:00,48.41,1.56,147.0,3,0.997776003649635,1.0,1.0,0.0002819530967212991,1.0,1.0,1.1430530948208784e-05,1.0
49331003,259042,2016-01-01 00:00:00,2018-12-31 23:54:00,47.679,-0.873,25.0,3,0.9848007907542579,1.0,1.0,6.948680136809049e-05,1.0,1.0,1.1581133561366919e-05,1.0
22005003,213257,2016-07-26 06:06:00,2018-12-31 23:54:00,48.551,-3.388,158.0,3,0.8107398114355231,0.00045016107325901444,0.00045016107325901444,3.282424492512259e-05,9.37835569292389e-06,1.4067533539385835e-05,1.4067533539385835e-05,1.0
36173002,262857,2016-01-01 00:00:00,2018-12-31 23:54:00,46.7,1.25,110.0,3,0.9993042883211679,9.130439744808871e-05,9.130439744808871e-05,0.0,0.005436415998052224,0.005542937795074865,1.5217399574662949e-05,0.0009891309723537578
86165005,262845,2016-01-01 00:00:00,2018-12-31 23:54:00,46.412,0.841,153.0,3,0.9992586678832117,0.002442504137419421,0.002442504137419421,7.22859479921345e-05,2.2827141471171153e-05,2.2827141471171153e-05,1.521809431415111e-05,1.0
36127002,262819,2016-01-01 00:00:00,2018-12-31 23:54:00,46.61,1.97,204.0,3,0.9991598236009732,0.004025584147264838,0.004025584147264838,8.370779890343183e-05,1.9024499750774915e-05,1.9024499750774915e-05,1.521959980066434e-05,1.0
85163001,262809,2016-01-01 00:00:00,2018-12-31 23:54:00,47.0,-2.26,3.0,3,0.999121806569343,0.0002473279073395007,0.0002473279073395007,0.00011034629712070032,1.5220178913200044e-05,1.9025223641500055e-05,1.5220178913200044e-05,1.0
85152001,262790,2016-01-01 00:00:00,2018-12-31 23:54:00,46.62,-1.63,55.0,3,0.9990495742092458,0.0035161155295102553,0.00012938087446245916,0.002682750485178298,1.0,1.0,1.5221279348498484e-05,1.0
44117002,262672,2016-01-01 00:00:00,2018-12-31 23:54:00,47.14,-1.34,35.0,3,0.9986009732360097,1.0,1.0,3.8070292989189625e-06,1.0,1.0,1.5228117195564828e-05,1.0
53185001,262574,2016-01-01 00:00:00,2018-12-31 23:54:00,48.452,-0.183,277.0,3,0.998228406326034,1.0,1.0,4.5701402271336455e-05,1.0,1.0,1.5233800757075144e-05,1.0
35162003,262563,2016-01-01 00:00:00,2018-12-31 23:54:00,48.479,-1.13,153.0,3,0.9981865875912409,0.00040752124252085853,0.00040752124252085853,3.808609743183311e-05,7.6172194863888265e-06,1.9043048715916555e-05,1.5234438972777653e-05,1.0
37192001,262551,2016-01-01 00:00:00,2018-12-31 23:54:00,47.22,0.9,90.0,3,0.9981409671532847,0.01168153996747301,0.011677731183655782,7.617567634454758e-06,1.5235135268909517e-05,1.9043919086247918e-05,1.5235135268909517e-05,1.0
86009001,261423,2016-01-01 00:00:00,2018-12-31 23:54:00,46.685,0.679,138.0,3,0.9938526459854015,0.0038405190055963434,0.0038405190055963434,0.00010328088959277171,0.010293661996075287,0.010301312432341447,1.530087253220902e-05,1.0
56069001,261422,2016-01-01 00:00:00,2018-12-31 23:54:00,47.65,-3.5,41.0,3,0.9938488442822384,0.002233935935001652,0.0001759607072090441,3.442709488876705e-05,1.1475698296292691e-05,2.295139659247436e-05,1.5300931061612566e-05,1.0
61426001,261351,2016-01-01 00:00:00,2018-12-31 23:54:00,48.37,0.55,168.0,3,0.9935789233576642,1.0,1.0,0.0,1.0,1.0,1.530508779379325e-05,1.0
95690001,192729,2016-10-18 16:06:00,2018-12-31 23:54:00,49.108,1.831,130.0,3,0.7326984489051095,0.006439093234541726,0.006439093234541726,6.745222566406639e-05,1.0377265486805065e-05,2.0754530973499108e-05,1.5565898230152087e-05,1.0
22092001,262879,2016-01-01 00:00:00,2018-12-31 23:54:00,48.4,-3.15,281.0,3,0.9993879257907543,4.5648378151130764e-05,4.5648378151130764e-05,5.706047268894121e-05,2.2824189075620893e-05,3.0432252100753843e-05,1.9020157562943396e-05,1.0
72361001,262878,2016-01-01 00:00:00,2018-12-31 23:54:00,47.89,0.56,154.0,3,0.9993841240875913,1.0,1.0,0.0,1.0,1.0,1.9020229916510978e-05,1.0
56243001,262678,2016-01-01 00:00:00,2018-12-31 23:54:00,47.6,-2.71,3.0,3,0.9986237834549878,0.0007956509490707475,0.0007956509490707475,4.187636574060072e-05,6.091107744077284e-05,6.852496212095271e-05,1.9034711700283147e-05,1.0
29178001,262515,2016-01-01 00:00:00,2018-12-31 23:54:00,48.55,-4.66,40.0,3,0.998004105839416,7.23768165629135e-05,6.856751042794151e-05,7.618612269721936e-06,0.6975982324819534,0.6976020417880884,1.9046530674415862e-05,0.7197150639011104
41281001,262444,2016-01-01 00:00:00,2018-12-31 23:54:00,47.68,1.21,130.0,3,0.9977341849148419,0.0019051683406745568,0.0012421697581198599,0.0010287909039642384,0.001969944064257545,0.001973754400938832,1.9051683406767772e-05,0.00026672356769441574
14624001,262390,2016-01-01 00:00:00,2018-12-31 23:54:00,48.99,-0.01,52.0,3,0.9975288929440389,1.0,1.0,0.0,1.0,1.0,1.905560425319308e-05,1.0
56240003,261857,2016-01-01 00:00:00,2018-12-31 23:54:00,47.51,-2.8,37.0,3,0.9955025851581508,4.20076606697517e-05,4.20076606697517e-05,0.0,1.0,1.0,1.9094391213503314e-05,1.0
62826001,261829,2016-01-01 00:00:00,2018-12-31 23:54:00,50.51,1.62,20.0,3,0.9953961374695863,0.0013864010480122424,0.0013864010480122424,0.002196089814344493,0.004220311730175008,0.004220311730175008,1.909643316821974e-05,0.004220311730175008
14659001,261635,2016-01-01 00:00:00,2018-12-31 23:54:00,49.06,-0.23,62.0,3,0.9946586070559611,1.0,1.0,0.0,1.0,1.0,1.9110593001747667e-05,1.0
41053001,261420,2016-01-01 00:00:00,2018-12-31 23:54:00,47.969,0.913,163.0,3,0.9938412408759124,0.005753194093795377,0.005753194093795377,8.033050263944741e-05,1.9126310152217663e-05,1.9126310152217663e-05,1.9126310152217663e-05,1.0
91200002,259651,2016-01-01 00:00:00,2018-12-31 23:54:00,48.527,1.995,116.0,3,0.9871160279805353,0.006058131877019535,0.006058131877019535,0.0002888492630492845,0.03429988715622123,0.03429988715622123,1.9256617536655973e-05,1.0
61179001,259617,2016-01-01 00:00:00,2018-12-31 23:54:00,48.72,-0.26,229.0,3,0.9869867700729927,1.0,1.0,0.0,1.0,1.0,1.9259139424576688e-05,1.0
29236001,204379,2016-01-01 00:00:00,2018-05-14 08:00:00,47.88,-3.71,77.0,3,0.7769882907542579,1.0,1.0,4.89287059823873e-06,1.0,1.0,1.957148239295492e-05,1.0
49138001,262827,2016-01-01 00:00:00,2018-12-31 23:54:00,47.49,-0.17,41.0,3,0.9991902372262774,4.9462193762450646e-05,4.9462193762450646e-05,2.28287048134046e-05,1.14143524067023e-05,3.0438273084576473e-05,2.28287048134046e-05,1.0
44110002,262787,2016-01-01 00:00:00,2018-12-31 23:54:00,47.42,-1.51,13.0,3,0.9990381690997567,9.132871869610426e-05,9.132871869610426e-05,0.0,0.000586025944966817,0.0005898313082458584,2.2832179674026065e-05,1.0
44069002,262779,2016-01-01 00:00:00,2018-12-31 23:54:00,47.29,-2.43,4.0,3,0.9990077554744525,5.327670780386207e-05,4.1860270417304335e-05,0.0,3.4249312159673195e-05,4.94712286750465e-05,2.2832874773115464e-05,1.0
22147006,262748,2016-01-01 00:00:00,2018-12-31 23:54:00,48.18,-2.41,131.0,3,0.998889902676399,1.0,1.0,0.0,1.0,1.0,2.283556868176717e-05,1.0
22261002,262624,2016-01-01 00:00:00,2018-12-31 23:54:00,48.52,-2.42,71.0,3,0.9984184914841849,0.00025511758255147843,0.00025511758255147843,3.807725112703331e-05,6.853905202874877e-05,8.37699524796065e-05,2.2846350676286598e-05,1.0
86137003,262623,2016-01-01 00:00:00,2018-12-31 23:54:00,47.03,0.1,96.0,3,0.9984146897810219,0.007779212026364779,0.00511379429829073,0.00020942567863435624,4.569287533839894e-05,4.569287533839894e-05,2.2846437669254982e-05,1.0
35057003,262514,2016-01-01 00:00:00,2018-12-31 23:54:00,47.922,-1.941,42.0,3,0.9980003041362531,0.0011732707588928415,0.0011732707588928415,5.333048904054838e-05,2.2855923874520734e-05,3.0474565166027645e-05,2.2855923874520734e-05,1.0
44181001,262509,2016-01-01 00:00:00,2018-12-31 23:54:00,47.01,-1.78,4.0,3,0.9979812956204379,0.00011428179605266209,0.00011428179605266209,3.809393201770206e-06,1.9046966008740007e-05,3.428453881582083e-05,2.2856359210510213e-05,1.0
78354001,262405,2016-01-01 00:00:00,2018-12-31 23:54:00,48.96,1.67,123.0,3,0.9975859184914841,0.00011813799279736248,0.00011432708980396722,3.810902993461873e-05,1.5243611973803084e-05,3.429812694122347e-05,2.2865417960815648e-05,1.0
27422001,262163,2016-01-01 00:00:00,2018-12-31 23:54:00,49.22,1.28,31.0,3,0.996665906326034,0.0013770059085378428,0.0013770059085378428,4.9587470390521915e-05,2.6700945594870795e-05,2.6700945594870795e-05,2.288652479565112e-05,1.0
72175002,262115,2016-01-01 00:00:00,2018-12-31 23:54:00,47.71,0.09,92.0,3,0.9964834245742092,5.7226789767828024e-05,5.7226789767828024e-05,1.5260477271406003e-05,2.2890715907109005e-05,3.433607386071902e-05,2.2890715907109005e-05,1.0
61006005,260829,2016-01-01 00:00:00,2018-12-31 23:54:00,48.72,0.01,170.0,3,0.9915944343065694,0.0007821216199118686,0.0007821216199118686,0.0,5.3675013131249116e-05,6.517680165929463e-05,2.300357705620204e-05,1.0
61485002,260419,2016-01-01 00:00:00,2018-12-31 23:54:00,48.91,0.25,225.0,3,0.9900357360097324,1.0,1.0,7.679931187776212e-06,1.0,1.0,2.303979356343966e-05,1.0
78562001,258869,2016-01-01 00:00:00,2018-12-31 23:54:00,48.707,1.746,176.0,3,0.984143096107056,1.0,1.0,8.884802738062803e-05,1.0,1.0,2.3177746273250754e-05,1.0
61169003,258844,2016-01-01 00:00:00,2018-12-31 23:54:00,48.75,-0.59,195.0,3,0.9840480535279805,0.013050331473783428,0.013050331473783428,8.88566086136855e-05,1.1589992427896156e-05,2.3179984855792313e-05,2.3179984855792313e-05,1.0
53083001,253285,2016-01-01 00:00:00,2018-12-31 23:54:00,48.32,-0.22,172.0,3,0.9629143856447688,1.0,1.0,0.0,1.0,1.0,2.3688730086623977e-05,1.0
72255001,262820,2016-01-01 00:00:00,2018-12-31 23:54:00,48.14,-0.23,206.0,3,0.9991636253041363,0.008937675975953074,0.003626055855718735,1.5219541891764443e-05,2.2829312837702176e-05,2.663419831061553e-05,2.663419831061553e-05,1.0
85182004,262755,2016-01-01 00:00:00,2018-12-31 23:54:00,46.77,-0.83,153.0,3,0.9989165145985401,0.0023710300470020096,0.001004738254267279,7.611653441430555e-06,0.004152156952293984,0.004220661833266748,2.664078704495143e-05,1.0
50615001,262302,2016-01-01 00:00:00,2018-12-31 23:54:00,49.52,-1.51,61.0,3,0.9971943430656934,1.0,1.0,0.0,1.0,1.0,2.66867961357109e-05,1.0
72264001,262131,2016-01-01 00:00:00,2018-12-31 23:54:00,47.84,-0.3,44.0,3,0.9965442518248175,1.0,1.0,0.0,1.0,1.0,2.6704205149385984e-05,1.0
14216001,262835,2016-01-01 00:00:00,2018-12-31 23:54:00,48.93,-0.15,155.0,3,0.9992206508515815,0.0034089828219224794,5.707002492061353e-05,2.663267829627891e-05,0.00010272604485705994,0.00011414004984111603,3.0437346624334616e-05,1.0
14366002,262778,2016-01-01 00:00:00,2018-12-31 23:54:00,49.17,0.23,62.0,3,0.9990039537712896,1.0,1.0,0.0,1.0,1.0,3.0443948884628647e-05,1.0
29277001,261902,2016-01-01 00:00:00,2018-12-31 23:54:00,48.39,-4.02,157.0,3,0.9956736618004867,1.0,1.0,1.1454666249188783e-05,1.0,1.0,3.054577666450342e-05,1.0
44103001,261381,2016-01-01 00:00:00,2018-12-31 23:54:00,47.31,-2.15,4.0,3,0.9936929744525548,0.0020544722072377564,0.0020544722072377564,0.001966478053110232,6.121332461039852e-05,6.121332461039852e-05,3.060666230525477e-05,6.121332461039852e-05
22219003,260828,2016-01-01 00:00:00,2018-12-31 23:54:00,48.27,-2.75,235.0,3,0.9915906326034063,0.004048645084116731,0.0030211480362537513,1.1501832625326891e-05,0.0008396337816491961,0.0012805373656202823,3.0671553667538376e-05,1.0
14372001,260184,2016-01-01 00:00:00,2018-12-31 23:54:00,49.102,-0.765,184.0,3,0.9891423357664234,0.002759585524090613,0.002759585524090613,8.839897918400119e-05,1.537373551030452e-05,3.074747102049802e-05,3.074747102049802e-05,1.0
35005001,262822,2016-01-01 00:00:00,2018-12-31 23:54:00,47.93,-1.3,75.0,3,0.9991712287104623,0.004748460935538157,0.004816948352877604,1.1414569556555954e-05,3.424370866977888e-05,4.946313474518682e-05,3.424370866977888e-05,1.0
27347001,262705,2016-01-01 00:00:00,2018-12-31 23:54:00,49.03,1.22,138.0,3,0.9987264294403893,0.00866371024533219,0.008652290592109035,0.00014084238975275998,3.0452408595227354e-05,3.425895966957526e-05,3.425895966957526e-05,3.425895966957526e-05
14296001,262068,2016-01-01 00:00:00,2018-12-31 23:54:00,48.8,-1.03,339.0,3,0.9963047445255474,1.0,1.0,7.631607063851575e-06,1.0,1.0,3.434223178722107e-05,1.0
29151004,261073,2016-01-01 00:00:00,2018-12-31 23:54:00,48.6,-3.81,90.0,3,0.9925220498783455,0.0001685352372707838,0.0001685352372707838,9.95890038418823e-05,3.447311671445075e-05,3.447311671445075e-05,3.447311671445075e-05,3.447311671445075e-05
56165003,257021,2016-01-01 00:00:00,2018-12-31 23:54:00,47.95,-2.4,65.0,3,0.9771175486618005,5.44702572941036e-05,5.0579524630278705e-05,1.1672197991585698e-05,2.3344395983171395e-05,4.27980593025179e-05,3.501659397475709e-05,1.0
79309001,256889,2016-01-01 00:00:00,2018-12-31 23:54:00,46.62,-0.57,247.0,3,0.9766157238442822,0.0028261233451023493,0.0028261233451023493,0.007688145463604856,0.0008641864774280306,0.0008875428687098452,3.50345869227775e-05,1.0
27100001,253590,2016-01-01 00:00:00,2018-12-31 23:54:00,49.36,0.39,122.0,3,0.9640739051094891,7.492409006659706e-05,7.492409006659706e-05,0.006277850072952451,0.00043771442091566914,0.000445601167238463,3.5490358452627824e-05,1.0
49248003,262829,2016-01-01 00:00:00,2018-12-31 23:54:00,47.74,-1.19,96.0,3,0.9991978406326034,1.0,1.0,0.0,1.0,1.0,3.804755183023367e-05,1.0
56004001,262766,2016-01-01 00:00:00,2018-12-31 23:54:00,47.51,-2.38,26.0,3,0.9989583333333333,1.0,1.0,3.8056673998809742e-06,1.0,1.0,3.8056673998920765e-05,1.0
35202001,262053,2016-01-01 00:00:00,2018-12-31 23:54:00,47.78,-1.765,89.0,3,0.9962477189781022,0.002289613169854987,0.002289613169854987,0.00012974474629179333,0.0020530198089699914,0.002068283896768941,3.816021949754056e-05,1.0
61214002,259239,2016-01-01 00:00:00,2018-12-31 23:54:00,48.76,0.66,232.0,3,0.9855497262773723,0.0022450325761169676,0.0021948858003618676,0.002734928000802328,1.9287221444286295e-05,4.2431887177452055e-05,3.857444288857259e-05,1.0
37242002,262634,2016-01-01 00:00:00,2018-12-31 23:54:00,47.23,0.15,33.0,3,0.9984565085158151,0.003975113656266904,0.003971306076136383,4.1883381435736666e-05,0.004218798784620392,0.004226413944881435,4.1883381435736666e-05,1.0
14762004,262451,2016-01-01 00:00:00,2018-12-31 23:54:00,48.85,-0.9,100.0,3,0.9977607968369829,6.477399590776312e-05,6.477399590776312e-05,7.620470106828314e-06,0.00019432198772340037,0.00019432198772340037,4.1912585587389195e-05,1.0
29155005,257141,2016-01-01 00:00:00,2018-12-31 23:54:00,48.47,-5.06,68.0,3,0.9775737530413625,0.0009566735759758416,0.000960562492951289,0.00012055642624086982,4.277808673058825e-05,4.277808673058825e-05,4.277808673058825e-05,4.277808673058825e-05
56151001,183332,2016-11-25 14:00:00,2018-12-31 23:54:00,48.056,-2.917,125.0,3,0.6969738442822384,4.363668099405249e-05,4.363668099405249e-05,0.00010909170248507571,3.272751074556712e-05,4.9091266118295174e-05,4.363668099405249e-05,1.0
85104001,262701,2016-01-01 00:00:00,2018-12-31 23:54:00,46.35,-1.33,2.0,3,0.9987112226277373,0.0001370379252457754,0.0001370379252457754,3.8066090346511317e-06,1.0,1.0,4.567930841525847e-05,1.0
22372001,262195,2016-01-01 00:00:00,2018-12-31 23:54:00,48.53,-2.85,135.0,3,0.9967875608272506,0.0003737676157058445,0.0003737676157058445,0.00020976753942680837,5.339537367221592e-05,5.339537367221592e-05,4.5767463147661225e-05,0.0006636282156410322
53130008,261853,2016-01-01 00:00:00,2018-12-31 23:54:00,48.03,-0.75,100.0,3,0.9954873783454988,8.783554131519544e-05,8.783554131519544e-05,0.00013748171684113686,4.2008302368112815e-05,4.582723894708263e-05,4.582723894708263e-05,4.582723894708263e-05
53096004,262829,2016-01-01 00:00:00,2018-12-31 23:54:00,48.3,-0.96,168.0,3,0.9991978406326034,4.565706219628041e-05,4.565706219628041e-05,1.1414265549070102e-05,7.2290348477555e-05,8.37046140266251e-05,4.9461817379414796e-05,1.0
56166005,262251,2016-01-01 00:00:00,2018-12-31 23:54:00,47.92,-3.34,75.0,3,0.9970004562043796,1.0,1.0,0.00449187991656852,1.0,1.0,4.957083099776938e-05,1.0
56127001,262198,2016-01-03 13:00:00,2018-12-31 23:54:00,48.07,-2.28,87.0,3,0.9967989659367397,1.0,1.0,3.813911624073185e-06,1.0,1.0,4.958085111250732e-05,1.0
22113006,261269,2016-01-01 00:00:00,2018-12-31 23:54:00,48.76,-3.47,87.0,3,0.9932671836982968,7.272198385577244e-05,4.210220117961683e-05,0.00019902858739462292,3.8274728345166764e-05,4.9757146848627976e-05,4.9757146848627976e-05,4.9757146848627976e-05
29163003,262577,2016-01-01 00:00:00,2018-12-31 23:54:00,48.5,-3.85,147.0,3,0.9982398114355231,3.427566009206462e-05,3.427566009206462e-05,1.5233626707633618e-05,9.901857359939648e-05,0.0001294858270145527,5.712610015351505e-05,1.0
22168001,262503,2016-01-01 00:00:00,2018-12-31 23:54:00,48.83,-3.47,58.0,3,0.9979584854014598,0.0026742551513696533,0.0026742551513696533,0.005573269638823208,9.523700681512981e-05,9.523700681512981e-05,5.71422040891445e-05,9.904648708780606e-05
50209001,259017,2016-01-01 00:00:00,2018-12-31 23:54:00,49.65,-1.46,138.0,3,0.9847057481751825,0.00584131543489419,0.0058335939339888565,0.0002470880289711097,6.177200724277743e-05,6.177200724277743e-05,6.177200724277743e-05,6.177200724277743e-05
14137001,262650,2016-01-01 00:00:00,2018-12-31 23:54:00,49.18,-0.46,67.0,3,0.9985173357664233,0.000182752712735601,0.000182752712735601,0.0003731201218351021,6.472491909381706e-05,6.472491909381706e-05,6.472491909381706e-05,7.233961545782819e-05
85191003,262562,2016-01-01 00:00:00,2018-12-31 23:54:00,46.7,-1.38,91.0,3,0.9981827858880779,0.0002132829579298834,0.0002132829579298834,0.0001218759759599175,6.47466122287721e-05,6.47466122287721e-05,6.47466122287721e-05,6.47466122287721e-05
29214001,262389,2016-01-01 00:00:00,2018-12-31 23:54:00,47.92,-4.36,10.0,3,0.997525091240876,0.0040398034978600394,0.00012957860276152644,5.7167030630078663e-05,0.0014863427963824893,0.0015473209623878548,6.860043675616101e-05,1.0
49008001,262288,2016-01-01 00:00:00,2018-12-31 23:54:00,47.56,-0.97,65.0,3,0.9971411192214112,0.27519749283230643,0.27519749283230643,0.00030882083816263783,0.27243716830354414,0.27244479350942474,6.862685292507997e-05,1.0
35281001,261823,2016-01-01 00:00:00,2018-12-31 23:54:00,48.07,-1.73,37.0,3,0.9953733272506082,9.548435393380572e-05,9.548435393380572e-05,0.0002368011977557094,6.492936067492572e-05,7.256810898970123e-05,6.874873483231347e-05,0.0011190766281037323
22282001,262247,2016-01-01 00:00:00,2018-12-31 23:54:00,48.64,-2.25,35.0,3,0.9969852493917275,0.0007664530004156678,0.0007664530004156678,7.626398014104474e-06,0.00668072466033931,0.007222198919339395,7.245078113382597e-05,1.0
29276001,262773,2016-01-01 00:00:00,2018-12-31 23:54:00,48.66,-4.08,58.0,3,0.9989849452554744,0.012535534472719823,0.010682223820559944,0.00022833396125176986,0.000799168864381028,0.0008067799964227573,7.611132041729363e-05,1.0
61387001,258241,2016-01-01 00:00:00,2018-12-31 23:54:00,48.5,-0.7,158.0,3,0.9817556265206813,1.0,1.0,7.744703590883972e-06,0.001022300873989801,0.0010377902811714579,7.744703590828461e-05,1.0
35228001,262536,2016-01-01 00:00:00,2018-12-31 23:54:00,48.59,-2.08,59.0,3,0.9980839416058395,0.0036528323734649204,0.003649023372032767,0.00022473108449894141,7.998903007588876e-05,8.379803150804221e-05,7.998903007588876e-05,8.379803150804221e-05
50514001,191801,2016-09-29 11:06:00,2018-12-31 23:54:00,48.725,-0.887,293.0,3,0.7291704683698297,1.0,1.0,0.00014077090317565766,1.0,1.0,8.341979447445969e-05,1.0
49173001,238175,2016-03-03 13:06:00,2018-12-31 14:00:00,47.518,0.01,92.0,3,0.9054706508515815,0.0024687729610580744,0.0024687729610580744,0.0001217592106643739,9.236905636611503e-05,9.236905636611503e-05,9.236905636611503e-05,1.0
49099003,262740,2016-01-01 00:00:00,2018-12-31 23:54:00,47.08,-0.88,135.0,3,0.9988594890510949,0.0012293522113115962,0.0011342011113648631,1.903021998939103e-05,0.0001103752759381571,0.00011798736393398013,9.51510999467331e-05,0.001077110451396801
61275001,261452,2016-01-01 00:00:00,2018-12-31 23:54:00,48.71,0.3,236.0,3,0.993962895377129,1.0,1.0,0.0,1.0,1.0,9.561984609030016e-05,1.0
79191005,259231,2016-01-01 00:00:00,2018-12-31 23:54:00,46.32,-0.4,61.0,3,0.9855193126520682,0.0002160235465665794,0.00020830841990349125,0.00024688405321893203,9.643908328860196e-05,9.643908328860196e-05,9.643908328860196e-05,0.00037418364315999764
56159001,262869,2016-01-01 00:00:00,2018-12-31 23:54:00,47.77,-2.39,65.0,3,0.9993499087591241,7.227934826847804e-05,7.227934826847804e-05,1.1412528673981903e-05,0.0007151851302359402,0.0007342060113593174,0.00011032111051512139,1.0
61001001,262212,2016-01-01 00:00:00,2018-12-31 23:54:00,48.45,0.11,145.0,3,0.9968521897810219,0.0017924427562430179,0.00011441123976019263,0.0002936555153845166,0.00010678382377615758,0.00011441123976019263,0.00011441123976019263,0.03200845117691031
61404001,261562,2016-01-06 09:36:00,2018-12-31 23:54:00,48.56,0.53,242.0,3,0.9943810827250609,0.0011928338214266532,0.0011890106361015507,0.0007569906943669658,0.0012692975279283703,0.0013151757518293783,0.0001146955597525201,1.0
27056003,259758,2016-01-01 00:00:00,2018-12-31 23:54:00,49.1,0.56,166.0,3,0.9875228102189781,0.005986341132900641,0.0059670924475858644,2.6948159440709496e-05,0.0003580255468551563,0.000373424495107022,0.00011934184895168176,1.0
44020001,262676,2016-01-01 00:00:00,2018-12-31 23:54:00,47.15,-1.61,26.0,3,0.9986161800486618,0.0009098661468881497,0.0009098661468881497,0.0005025202150177321,0.00012182308242858486,0.00012182308242858486,0.00012182308242858486,0.00012182308242858486
50509002,262429,2016-01-01 00:00:00,2018-12-31 23:54:00,49.4,-1.17,5.0,3,0.9976771593673966,0.006820892508068832,0.00501468968749641,0.00011431663421346272,0.010395192604475856,0.010414245376844766,0.00013717996105611086,1.0
53110002,260062,2016-01-01 00:00:00,2018-12-31 23:54:00,47.89,-0.54,93.0,3,0.9886785279805352,0.00010766663334127458,0.00010766663334127458,7.690473810095799e-05,0.0032338442371434573,0.003318439449054411,0.00016919042382201877,1.0
28406001,256981,2016-01-01 00:00:00,2018-12-31 23:54:00,48.196,1.68,138.0,3,0.9769654805352798,1.0,1.0,2.334802962089544e-05,0.0001712188838863815,0.0001712188838863815,0.00017511022215654926,1.0
29216001,262598,2016-01-01 00:00:00,2018-12-31 23:54:00,47.97,-4.16,85.0,3,0.9983196472019464,0.0013404519455593178,0.0008568229765649749,0.0003084562715633954,0.00017517269743105857,0.00017517269743105857,0.00017517269743105857,0.0030959870219879893
28407001,259458,2016-01-01 00:00:00,2018-12-31 23:54:00,48.26,0.91,235.0,3,0.986382299270073,0.005638677550894533,0.005634823362548058,0.0010791727370133009,0.018793022377417534,0.018981877606394915,0.00019270941732385527,1.0
86027001,259980,2016-01-01 00:00:00,2018-12-31 23:54:00,46.59,0.31,120.0,3,0.9883667883211679,0.0011539349180705871,0.0011462420186167943,0.000288483729517619,0.00020386183552578707,0.00020386183552578707,0.00020386183552578707,0.0003692591737826101
60322001,259548,2016-01-01 00:00:00,2018-12-31 23:54:00,49.31,1.88,113.0,3,0.9867244525547445,0.006811842125541312,0.004812211999321914,0.0009362430070738448,0.001984218718695585,0.0020111886818623415,0.0002119068534529589,1.0
61491002,262129,2016-01-01 00:00:00,2018-12-31 23:54:00,48.59,0.67,217.0,3,0.9965366484184914,1.0,1.0,0.000408195964582303,1.0,1.0,0.00022508001785381815,1.0
80182003,261584,2016-01-01 00:00:00,2018-12-31 23:54:00,50.19,1.52,4.0,3,0.9944647201946472,0.004052235610740751,0.00022172609945558808,0.00012615450486264113,0.017738087956449933,0.01776102513915223,0.0002293718270230949,1.0
49188001,261014,2016-01-01 00:00:00,2018-12-31 23:54:00,47.56,-0.32,53.0,3,0.9922977493917275,8.811787873452825e-05,8.811787873452825e-05,0.00028350969679791227,0.00022987272713337337,0.00022987272713337337,0.00022987272713337337,0.00022987272713337337
76116001,262536,2016-01-01 00:00:00,2018-12-31 23:54:00,49.38,1.18,152.0,3,0.9980839416058395,0.009095895420056732,0.009095895420056732,0.00030852911600698363,0.00641816741323098,0.006513392449035593,0.00023234908736324833,0.009126367431514182
62160001,262304,2016-01-01 00:00:00,2018-12-31 23:54:00,50.73,1.6,68.0,3,0.9972019464720194,0.021517018421373657,0.02153226790289131,0.00044604733439057576,0.0003659875564230308,0.0003659875564230308,0.0003659875564230308,0.001502073929486425
76473001,262849,2016-01-01 00:00:00,2018-12-31 23:54:00,49.49,0.77,4.0,3,0.9992738746958637,5.706698522722764e-05,4.9458053863582485e-05,0.0,0.00039566443090899295,0.0004032733622726381,0.0003690331711362349,1.0
49020001,262081,2016-01-01 00:00:00,2018-12-31 23:54:00,47.48,-0.61,48.0,3,0.9963541666666667,0.0004616893250559695,0.0004616893250559695,0.0004807673963392878,0.00037011458289615273,0.00037011458289615273,0.00037011458289615273,0.00037011458289615273
78152001,231760,2016-04-29 08:30:00,2018-12-31 23:54:00,48.86,2.0,128.0,3,0.8810827250608273,6.0407317915123215e-05,2.5888850535005226e-05,1.0,1.0,1.0,0.0004142216085605277,1.0
37213003,262140,2016-01-01 00:00:00,2018-12-31 23:54:00,47.62,0.46,107.0,3,0.9965784671532847,0.0015449759670405072,3.814755474174092e-05,1.5259021896696368e-05,0.00045395590142671693,0.0004654001678492392,0.00044251163500419466,1.0
80001001,262680,2016-01-01 00:00:00,2018-12-31 23:54:00,50.14,1.83,72.0,3,0.9986313868613139,0.0006129130500990287,0.0006129130500990287,0.005862646566164198,0.0005177402162326317,0.0005177402162326317,0.0005063194761687484,0.0005215471295872964
76481001,262026,2016-01-01 00:00:00,2018-12-31 23:54:00,49.53,0.09,95.0,3,0.9961450729927007,0.0008014471846304883,0.0007670994481463467,0.0007594666178165621,0.00688481295749277,0.006903895033317342,0.0005266652927572446,0.006823750314854271
29264001,259638,2016-01-01 00:00:00,2018-12-31 23:54:00,48.53,-4.15,115.0,3,0.9870666058394161,8.088184318166824e-05,2.3109098051921073e-05,0.00013865458831141542,0.0013826943667721858,0.0013865458831141542,0.0005276577388517723,0.0013865458831141542
23089001,262047,2016-01-01 00:00:00,2018-12-31 23:54:00,46.35,1.99,306.0,3,0.9962249087591241,7.250607715414414e-05,7.250607715414414e-05,0.0,0.0006029452731761697,0.000610577491824027,0.0005876808358805663,1.0
85215002,262618,2016-01-01 00:00:00,2018-12-31 23:54:00,46.85,-1.18,62.0,3,0.9983956812652068,1.0,1.0,0.0,1.0,1.0,0.000613057749278445,1.0
72181001,259821,2016-01-01 00:00:00,2018-12-31 23:54:00,47.94,0.19,52.0,3,0.9877623175182482,0.0007620631126814548,0.0007620631126814548,0.0005041932715215136,0.0003810315563407274,0.0006619942190969619,0.0006504478082988152,0.0004156707887352784
56137001,261124,2016-01-01 00:00:00,2018-12-31 23:54:00,47.72,-2.73,132.0,3,0.9927159367396594,0.0008118748180940827,0.0008118748180940827,0.0010454803082060593,0.001206323432545453,0.0007888972289027407,0.0007850676307041837,0.00191096950107994
14578001,261835,2016-01-01 00:00:00,2018-12-31 23:54:00,49.36,0.17,143.0,3,0.9954189476885644,0.00021387515038095994,0.00021387515038095994,0.0009509805793724846,0.0008058510130425356,0.0008058510130425356,0.0008058510130425356,0.0008058510130425356
29263002,262175,2016-01-01 00:00:00,2018-12-31 23:54:00,48.23,-4.1,63.0,3,0.9967115267639902,0.007300467245160647,0.007300467245160647,0.006392676647277606,0.0031124249070277887,0.003139124630494927,0.000816248688852883,1.0
80606002,260306,2016-01-01 00:00:00,2018-12-31 23:54:00,49.96,1.77,121.0,3,0.9896061435523115,1.0,1.0,0.0,1.0,1.0,0.0008605256889967494,1.0
28134004,228725,2016-01-01 00:00:00,2018-12-31 23:54:00,48.726,1.387,139.0,3,0.8695445559610706,1.0,1.0,1.0,0.0009225051918242411,0.0009268772543447046,0.0008744125040988093,0.0009356213793857426
37179001,262600,2016-01-01 00:00:00,2018-12-31 23:54:00,47.44,0.73,112.0,3,0.9983272506082725,0.0036824067022086515,0.0036824067022086515,0.0011690784463062043,0.0009748667174409587,0.0009786747905560222,0.0009786747905560222,0.000990099009900991
29293001,258837,2016-01-01 00:00:00,2018-12-31 23:54:00,47.84,-3.87,25.0,3,0.9840214416058394,0.00561357147548458,0.0015801450333607914,0.005439716887462032,0.004017972700966266,0.004976104652735125,0.0009967663046628328,1.0
41097001,245364,2016-01-01 00:00:00,2018-12-31 23:54:00,47.32,1.69,86.0,3,0.932801094890511,0.0010474234198986077,0.0010433478423892417,0.0012960336479679313,0.00953685137183935,0.006920330610847514,0.0010066676448052814,0.006920330610847514
53159002,261669,2016-01-01 00:00:00,2018-12-31 23:54:00,48.21,-0.54,107.0,3,0.9947878649635037,1.0,1.0,0.0008751514317706377,1.0,1.0,0.0010509460425193184,1.0
85172001,262844,2016-01-01 00:00:00,2018-12-31 23:54:00,46.83,-2.0,2.0,3,0.9992548661800487,0.00015979059822557318,5.326353274182072e-05,3.424084247694026e-05,0.001095706959260978,0.0010995114973140208,0.001084293345102072,1.0
76228001,261418,2016-01-01 00:00:00,2018-12-31 23:54:00,49.65,0.82,147.0,3,0.9938336374695864,0.0013503278274640262,0.0013388519535763033,0.00020656572998034584,0.000432257916440304,0.0012661714189535767,0.001113159767116234,1.0
29075001,262095,2016-01-01 00:00:00,2018-12-31 23:54:00,48.44,-4.41,95.0,3,0.996407390510949,0.0042618134645834305,0.0042618134645834305,0.0014994563040119369,0.0011598847746046026,0.0011675155954902205,0.0011484385432762867,0.0011675155954902205
28280003,246442,2016-01-01 00:00:00,2018-12-31 23:54:00,48.314,0.839,180.0,3,0.9368993309002434,1.0,1.0,1.0,0.0011726897200964315,0.0011726897200964315,0.0011726897200964315,0.0013228264662679123
79049004,260582,2016-01-01 00:00:00,2018-12-31 23:54:00,46.84,-0.52,191.0,3,0.9906554136253042,0.00037608123354648804,0.00037224366993882096,1.1512690822890193e-05,0.004727878364583882,0.004735553491799105,0.001181969591146026,1.0
35110003,261854,2016-01-01 00:00:00,2018-12-31 23:54:00,48.327,-1.597,87.0,3,0.9954911800486618,0.002375369480702938,0.002375369480702938,0.0014970174219220977,0.0006072085971572383,0.0017757987275351939,0.001183865818356833,1.0
53116003,262572,2016-01-01 00:00:00,2018-12-31 23:48:00,48.41,-0.44,268.0,3,0.998220802919708,0.0031876970887985134,9.521197995221442e-05,1.523391679236763e-05,0.0011882455098030098,0.001207287905793497,0.0011996709473972578,1.0
85153002,262778,2016-01-01 00:00:00,2018-12-31 23:54:00,46.77,-1.05,82.0,3,0.9990039537712896,1.0,1.0,0.0,1.0,1.0,0.00130528430842769,1.0
85169002,255966,2016-01-01 00:00:00,2018-12-31 23:54:00,46.81,-1.6,51.0,3,0.9731067518248175,0.0010001328301415535,0.0009962260612738083,0.01046232702780836,1.0,1.0,0.001359555565973558,1.0
79134001,262814,2016-01-01 00:00:00,2018-12-31 23:54:00,46.86,-0.25,120.0,3,0.9991408150851582,1.0,1.0,0.0,1.0,1.0,0.0013812049586399144,1.0
85060002,262499,2016-01-01 00:00:00,2018-12-31 23:54:00,46.48,-1.73,27.0,3,0.9979432785888078,7.619076644105327e-05,7.619076644105327e-05,3.04763065763769e-05,0.0009828608870890987,0.0024152472961801452,0.001478100868955723,1.0
28206001,259325,2016-01-01 00:00:00,2018-12-31 23:54:00,48.707,1.173,171.0,3,0.9858766727493917,0.005101706353031865,0.005101706353031865,0.0008946302901764458,0.0012532536392557692,0.0022558565506604067,0.0014884797069314448,1.0
36063001,262178,2016-01-01 00:00:00,2018-12-31 23:54:00,46.87,1.74,157.0,3,0.9967229318734793,0.0039324428441745995,0.003924814439045243,0.0016896917361487462,0.0015104242156092074,0.0015104242156092074,0.0015104242156092074,0.0015218668233032417
37240001,262514,2016-01-01 00:00:00,2018-12-31 23:54:00,47.59,0.93,109.0,3,0.9980003041362531,7.237709226937117e-05,7.237709226937117e-05,1.904660322882279e-05,0.001554202823468409,0.0022855923874536277,0.0015275375789481904,1.0
56007001,260480,2016-01-01 00:00:00,2018-12-31 23:54:00,47.66,-2.97,26.0,3,0.9902676399026764,1.0,1.0,0.0,1.0,1.0,0.0017390970515970272,1.0
72086001,261898,2016-01-01 00:00:00,2018-12-31 23:54:00,48.32,0.35,105.0,3,0.9956584549878346,1.0,1.0,0.0,1.0,1.0,0.0018518659936310744,1.0
50277001,262788,2016-01-01 00:00:00,2018-12-31 23:54:00,48.86,-1.57,5.0,3,0.9990419708029197,0.009045314093489853,6.088558077232964e-05,3.805348798291419e-06,1.0,1.0,0.0020967471878472477,1.0
85113001,258451,2016-01-01 00:00:00,2018-12-31 23:54:00,46.69,-2.33,32.0,3,0.9825539841849148,0.011015627720534993,0.011015627720534993,0.0022054470673358306,0.0021512781919976742,0.0021512781919976742,0.0021512781919976742,0.0021512781919976742
14066001,262780,2016-01-01 00:00:00,2018-12-31 23:54:00,49.33,-0.43,2.0,3,0.9990115571776156,7.230382829748194e-05,7.230382829748194e-05,0.0,0.0070058604155567306,0.009095060506887909,0.0021576984549813716,1.0
79326004,261379,2016-01-01 00:00:00,2018-12-31 23:54:00,46.73,-0.02,133.0,3,0.9936853710462287,0.002505939650851774,0.00249063620260237,0.0002716362064282274,6.886551712259603e-05,0.002276387927109713,0.002276387927109713,1.0
45055001,258032,2016-01-01 00:00:00,2018-12-31 23:54:00,47.99,1.78,125.0,3,0.9809610705596107,0.018846499658957017,0.018846499658957017,0.0023252929869163053,0.0023097910336702387,0.0023097910336702387,0.00230204005704715,0.0023097910336702387
41152001,262820,2016-01-01 00:00:00,2018-12-31 23:54:00,47.54,1.73,96.0,3,0.9991636253041363,0.0038619587550414725,0.003865763640514386,4.946351114831771e-05,0.0017959059432310909,0.004569667453009685,0.0026976638003196607,1.0
60566001,262320,2016-01-01 00:00:00,2018-12-31 23:54:00,49.62,1.79,206.0,3,0.9972627737226277,0.01562976517230863,0.015328606282403179,8.005489478501993e-05,0.006122293382128663,0.008935651113144205,0.003125953034461726,1.0
56185001,260591,2016-01-01 00:00:00,2018-12-31 23:54:00,47.76,-3.44,44.0,3,0.9906896289537713,0.0004950286080486199,0.0004950286080486199,0.006734691528103465,0.004006278037230748,0.00401779033044114,0.003135181184308,0.004036977485791904
29155008,255344,2016-01-01 00:00:00,2018-12-31 23:54:00,48.46,-5.06,39.0,3,0.9707420924574209,0.0070963092925622195,0.0070963092925622195,0.15942414938279337,0.003528573218873343,0.003528573218873343,0.003528573218873343,0.003528573218873343
50111001,260550,2016-01-01 00:00:00,2018-12-31 23:54:00,49.04,-1.3,134.0,3,0.9905337591240876,0.00011130301285744437,0.00011130301285744437,0.000395317597390088,0.008601036269430096,0.012308578008059845,0.003715217808482052,1.0
86097001,261442,2016-01-01 00:00:00,2018-12-31 23:54:00,46.32,0.41,122.0,3,0.9939248783454988,1.0,1.0,7.649880279347876e-06,1.0,1.0,0.003855539660804319,1.0
76552001,261654,2016-01-01 00:00:00,2018-12-31 23:54:00,49.51,0.07,104.0,3,0.9947308394160584,0.012413339754026365,0.005843594976572164,0.00032103464881105825,0.005113623334632722,0.00768572236617826,0.004093191772340576,0.007701009730407327
22247002,262734,2016-01-01 00:00:00,2018-12-31 23:54:00,48.74,-3.25,55.0,3,0.9988366788321168,0.002123821050948882,0.0021200149200332197,0.0008677978487747762,0.2323719046640328,0.23237571079494845,0.005218205485395866,1.0
28198001,261341,2016-01-01 00:00:00,2018-12-31 23:54:00,48.06,1.38,127.0,3,0.9935409063260341,0.0013239407517381396,0.0013239407517381396,0.005529174526767711,0.005314895098740724,0.005322547935455946,0.005322547935455946,0.005322547935455946
14357002,259894,2016-01-01 00:00:00,2018-12-31 23:54:00,48.93,-0.69,223.0,3,0.9880398418491484,1.0,1.0,2.308633519820802e-05,1.0,1.0,0.005459918274373421,1.0
72172003,262485,2016-01-01 00:00:00,2018-12-31 23:54:00,48.08,0.59,112.0,3,0.9978900547445255,0.004202144884469572,0.003718307712821667,3.8097415090421194e-06,0.0023658494771129357,0.007863306474655718,0.005539364154142135,1.0
76217001,262324,2016-01-01 00:00:00,2018-12-31 23:54:00,49.93,1.09,40.0,3,0.9972779805352798,0.012210091337430007,0.010616642015217836,0.006278495295893638,0.006000213476464178,0.006004025556182402,0.006000213476464178,0.006004025556182402
28078001,261580,2016-01-01 00:00:00,2018-12-31 23:54:00,48.11,0.91,197.0,3,0.9944495133819952,1.0,1.0,3.822922241769611e-06,1.0,1.0,0.006487499044269485,1.0
50410003,262866,2016-01-01 00:00:00,2018-12-31 23:54:00,48.58,-1.47,39.0,3,0.9993385036496351,0.006140010499646187,8.749705172972355e-05,0.0,0.006554670440452548,0.01040834493620324,0.00672205610463128,1.0
79215001,262826,2016-01-01 00:00:00,2018-12-31 23:54:00,46.66,-0.4,196.0,3,0.9991864355231144,1.0,1.0,3.8047986120615107e-06,1.0,1.0,0.007149216591965768,1.0
28070001,262279,2016-01-01 00:00:00,2018-12-31 23:54:00,48.46,1.5,156.0,3,0.997106903892944,0.0004270261820428223,0.0004270261820428223,0.01004655347931016,0.008620591049988802,0.008620591049988802,0.0078542315625727,0.0078542315625727
56009001,262443,2016-01-01 00:00:00,2018-12-31 23:54:00,47.29,-3.22,43.0,3,0.9977303832116788,0.03909039296151928,0.03908277225911916,0.00018289685760342067,0.007380650274535827,0.012238848054625162,0.008192255080150757,0.012238848054625162
50215002,261377,2016-01-01 00:00:00,2018-12-31 23:54:00,49.11,-1.61,7.0,3,0.9936777676399027,0.005000439977503768,0.005000439977503768,5.738837005553332e-05,0.008971715185345341,0.010750754657066208,0.0098707996495484,1.0
72284001,262176,2016-01-01 00:00:00,2018-12-31 23:54:00,48.3,0.09,85.0,3,0.9967153284671533,1.0,1.0,7.628463322362222e-06,1.0,1.0,0.02025357012083484,1.0
28041001,258167,2016-01-01 00:00:00,2018-12-31 23:54:00,48.303,1.271,163.0,3,0.981474300486618,1.0,1.0,0.0,0.03657709931943276,0.03657709931943276,0.021369888483036226,1.0
50484002,259383,2016-01-01 00:00:00,2018-12-31 23:54:00,48.56,-1.1,95.0,3,0.9860971715328467,1.0,1.0,0.0,1.0,1.0,0.02412648477348167,1.0
76130001,251518,2016-01-01 00:00:00,2018-12-31 23:54:00,49.733,1.502,232.0,3,0.9561967761557177,0.015219586669741325,0.015219586669741325,0.0001073481818398836,0.00044132030311949677,0.026471266469994204,0.02604982545980805,1.0
50020001,257552,2016-01-01 00:00:00,2018-12-31 23:54:00,49.73,-1.94,22.0,3,0.9791362530413625,0.034078555010250366,0.031900354103249096,0.057926166366403686,0.031919767658569964,0.03222650183263964,0.027730322420326803,0.03222650183263964
62076002,258923,2016-01-01 00:00:00,2018-12-31 23:54:00,50.75,1.91,117.0,3,0.9843483880778588,1.0,1.0,0.0006681523078290175,1.0,1.0,0.02943732306515834,1.0
78140001,241600,2016-01-01 00:00:00,2018-12-26 21:00:00,48.964,1.925,42.0,3,0.9184914841849149,1.0,1.0,1.2417218543059327e-05,0.07032698675496685,0.07034768211920528,0.09702400662251653,1.0
37023002,260828,2016-01-01 00:00:00,2018-12-31 23:54:00,47.18,1.21,126.0,3,0.9915906326034063,1.0,1.0,3.450549787598067e-05,0.13823669237965253,0.13823669237965253,0.13823285843544408,1.0
28239002,256241,2016-01-01 00:00:00,2018-12-31 23:54:00,48.65,1.37,151.0,3,0.9741522201946472,1.0,1.0,0.00019512880452388082,0.15500641973766882,0.15500641973766882,0.15499861458548791,1.0
28305001,259985,2016-01-01 00:00:00,2018-12-31 23:54:00,48.18,1.47,129.0,3,0.988385796836983,1.0,0.9949189376310171,0.0001115448968209698,0.15672058003346345,0.1567244264092159,0.15612439179183413,1.0
29021001,261081,2016-01-01 00:00:00,2018-12-31 23:54:00,48.68,-4.33,18.0,3,0.9925524635036497,0.0021372677444930765,0.0022368536967454222,0.24768558416736564,0.24665142235551418,0.24665142235551418,0.24652502480073235,0.24665525258444698
62054001,261526,2016-01-01 00:00:00,2018-12-31 23:54:00,50.87,1.58,45.0,3,0.9942442214111922,0.0011279949221110197,0.0011279949221110197,0.2639393406391717,0.28238492539938664,0.2851762348676613,0.2666962367030429,1.0
36219001,261045,2016-01-01 00:00:00,2018-12-31 23:54:00,46.66,1.58,157.0,3,0.992415602189781,1.0,1.0,0.0005171522151353747,0.729992913099274,0.7299967438564232,0.7299469440134843,1.0
37253001,262848,2016-01-01 00:00:00,2018-12-31 23:54:00,47.27,0.99,111.0,3,0.9992700729927008,1.0,1.0,0.0,0.7594693511078646,0.7594693511078646,0.7594351107864621,1.0
36093002,261029,2016-01-01 00:00:00,2018-12-31 23:54:00,46.94,1.66,170.0,3,0.9923547749391728,1.0,1.0,4.21409115461957e-05,0.8076267387914753,0.8076267387914753,0.7716000904114102,1.0
14126001,252542,2016-01-01 00:00:00,2018-12-31 23:54:00,49.15,0.04,125.0,3,0.9600897201946472,1.0,1.0,0.0,0.8002035305018571,0.8002035305018571,0.7999778254706148,1.0
37249001,213332,2016-01-01 00:00:00,2018-06-27 06:00:00,47.52,0.47,117.0,3,0.8110249391727494,1.0,1.0,0.00020156375977353758,0.8000300001875011,0.8000300001875011,0.7999878124238277,1.0
36088004,243167,2016-01-01 00:00:00,2018-10-11 12:00:00,46.94,1.98,138.0,3,0.9244487530413625,1.0,1.0,1.644960048030608e-05,0.8000304317608886,0.8000304317608886,0.7999934201598079,1.0
37003004,262571,2016-01-01 00:00:00,2018-12-31 23:54:00,47.39,0.98,116.0,3,0.998217001216545,1.0,1.0,0.0,0.8000464636231723,0.8000464636231723,0.7999969532050379,1.0
36085001,262172,2016-01-01 00:00:00,2018-12-31 09:00:00,47.07,1.76,135.0,3,0.9967001216545012,1.0,1.0,4.195718841071283e-05,0.8011152983537525,0.8011152983537525,0.7999977114260867,1.0
14577003,233081,2016-01-01 00:00:00,2018-12-31 23:54:00,49.28,-0.56,15.0,3,0.8861047749391727,1.0,1.0,4.71938939682337e-05,0.7999879870088081,0.8000523423187647,0.8000008580707995,1.0
36128001,240327,2016-02-18 06:06:00,2018-12-31 23:54:00,46.86,1.75,160.0,3,0.9136519160583941,1.0,1.0,4.160997307822711e-06,0.8001140113262346,0.8001223333208504,0.8000016643989232,1.0
36037001,262799,2016-01-01 00:00:00,2018-12-31 23:54:00,46.95,1.77,177.0,3,0.9990837895377129,1.0,1.0,2.2831137104772914e-05,0.8017838728457871,0.8017838728457871,0.8000030441516139,1.0
36146001,262548,2016-01-01 00:00:00,2018-12-31 11:00:00,46.47,1.67,315.0,3,0.9981295620437957,1.0,1.0,0.0,0.8000289470877706,0.8000289470877706,0.8000060941237412,1.0
36018004,262739,2016-01-01 00:00:00,2018-12-31 23:54:00,46.63,1.09,108.0,3,0.9988556873479318,1.0,1.0,3.8060584839350042e-06,0.8000296872561744,0.8000372993731422,0.800006850905271,1.0
37109001,262442,2016-01-01 00:00:00,2018-12-31 23:54:00,47.43,0.6,93.0,3,0.9977265815085158,1.0,1.0,7.620731437807393e-05,0.8000434381691954,0.8000434381691954,0.8000091448777253,1.0
36107001,262187,2016-01-01 00:00:00,2018-12-31 23:54:00,47.23,1.5,130.0,3,0.9967571472019465,1.0,1.0,0.0,0.8000320382017415,0.800047294488285,0.8000091537719262,1.0
36089003,261088,2016-01-01 00:00:00,2018-12-31 23:54:00,46.66,1.8,185.0,3,0.9925790754257907,1.0,1.0,4.9791641132501674e-05,0.8012164480941292,0.8012202782203701,0.8000099583282265,1.0
37129002,262720,2016-01-01 00:00:00,2018-12-31 23:54:00,47.11,0.27,67.0,3,0.9987834549878345,1.0,1.0,1.1419001218038183e-05,0.8000266443361754,0.8000266443361754,0.8000152253349574,1.0
37055002,262866,2016-01-01 00:00:00,2018-12-31 23:54:00,47.48,0.26,87.0,3,0.9993385036496351,1.0,1.0,9.510549101066079e-05,0.8000844536760174,0.8000844536760174,0.8000159777224898,1.0
37067003,262836,2016-01-01 00:00:00,2018-12-31 23:54:00,47.26,0.4,60.0,3,0.9992244525547446,1.0,1.0,0.0001217489232829827,0.800145337777169,0.800145337777169,0.8000159795461809,1.0
36006004,262677,2016-01-01 00:00:00,2018-12-31 23:54:00,46.57,1.5,178.0,3,0.9986199817518249,1.0,1.0,8.756000715703927e-05,0.800054820178394,0.8000586271352269,0.8000205575668977,1.0
36136001,262667,2016-01-01 00:00:00,2018-12-31 23:54:00,46.93,1.17,148.0,3,0.9985819647201947,1.0,1.0,1.1421305302961038e-05,0.800317512287421,0.8003327406944916,0.8000243654513128,1.0
79329001,262920,2016-01-01 00:00:00,2018-12-31 23:54:00,46.982,-0.215,80.0,3,0.9995437956204379,1.0,1.0,0.0001901719154114856,1.0,1.0,0.8000418378213905,1.0
37072002,259690,2016-01-01 00:00:00,2018-12-31 23:54:00,47.18,0.23,76.0,3,0.987264294403893,1.0,1.0,0.0003696715314412957,0.8000924178828603,0.8000924178828603,0.8000577611767877,1.0
37213004,260962,2016-01-01 00:00:00,2018-12-31 23:54:00,47.62,0.47,107.0,3,0.9921000608272507,1.0,1.0,0.000670595718916922,0.8212460051655031,0.8212460051655031,0.8001203240318514,1.0
17218001,263085,2016-01-01 00:00:00,2018-12-31 23:54:00,46.315,-1.0,2.0,3,1.0001710766423357,1.0,1.0,0.0007450063667635565,1.0,1.0,0.8001558431685577,1.0
37122003,243474,2016-01-01 00:00:00,2018-10-16 06:00:00,47.34,0.67,93.0,3,0.9256158759124088,1.0,1.0,0.0016387786786268288,0.8016749221682808,0.8016749221682808,0.8003113268767917,1.0
86272002,258931,2016-01-01 00:00:00,2018-12-31 23:54:00,46.837,0.458,140.0,3,0.984378801703163,1.0,1.0,0.0018344655525989184,1.0,1.0,0.8003676655170683,1.0
37216002,256422,2016-01-01 00:00:00,2018-12-31 23:54:00,47.17,0.63,113.0,3,0.9748403284671533,1.0,1.0,3.899821388175795e-05,0.8010779106316931,0.8010779106316931,0.8003720429604324,1.0
22016001,315735,2016-01-01 00:00:00,2018-12-31 23:54:00,48.857,-3.005,25.0,3,1.2003307481751824,0.18507609229258715,0.18507609229258715,0.8150094224587074,1.0,1.0,0.8150094224587074,1.0
29058003,262394,2016-01-01 00:00:00,2018-12-31 23:54:00,47.85,-3.98,8.0,3,0.997544099756691,8.384338056510732e-05,8.384338056510732e-05,1.0,1.0,1.0,1.0,1.0
44184001,262246,2016-01-01 00:00:00,2018-12-31 23:54:00,47.23,-2.3,14.0,3,0.9969814476885644,0.00028217780252126623,0.00028217780252126623,1.0,1.0,1.0,1.0,1.0
50196001,262151,2016-01-01 00:00:00,2018-12-31 23:54:00,49.7,-1.27,4.0,3,0.9966202858880778,0.000366201158874091,0.000366201158874091,1.0,1.0,1.0,1.0,1.0
50129001,262108,2016-01-01 00:00:00,2018-12-31 23:54:00,49.66,-1.63,19.0,3,0.9964568126520681,0.00021746760877194848,0.00021746760877194848,1.0,1.0,1.0,1.0,1.0
29190001,261096,2016-01-01 00:00:00,2018-12-31 23:54:00,48.33,-4.77,22.0,3,0.9926094890510949,8.043018659797951e-05,8.043018659797951e-05,1.0,1.0,1.0,1.0,1.0
29168001,258819,2016-01-01 00:00:00,2018-12-31 23:54:00,48.04,-4.73,67.0,3,0.9839530109489051,0.00011977482333214162,0.00011977482333214162,1.0,1.0,1.0,1.0,1.0
14515001,258370,2016-01-01 00:00:00,2018-12-31 23:54:00,49.35,-0.77,68.0,3,0.9822460462287105,0.00016642799086585836,0.00016642799086585836,1.0,1.0,1.0,1.0,1.0
29082001,258279,2016-01-01 00:00:00,2018-12-31 23:54:00,48.75,-4.01,32.0,3,0.981900091240876,0.00013938415434466833,0.00013938415434466833,1.0,1.0,1.0,1.0,1.0
29022001,257695,2016-01-01 00:00:00,2018-12-31 23:54:00,48.28,-4.63,36.0,3,0.9796798965936739,5.044723413338836e-05,5.044723413338836e-05,1.0,1.0,1.0,1.0,1.0
29158001,243707,2016-01-01 00:00:00,2018-12-31 23:54:00,47.8,-4.37,3.0,3,0.9265016727493918,0.00020106111026763074,0.00020106111026763074,1.0,1.0,1.0,1.0,1.0
29249002,133738,2017-06-22 16:06:00,2018-12-31 23:54:00,48.133,-3.717,260.0,2,0.5084321776155718,0.01567243416231734,0.00024675111037997244,3.738653187579377e-05,0.02450313299137119,0.02450313299137119,0.0,1.0
85119001,125840,2016-01-01 00:00:00,2017-06-09 08:00:00,46.97,-1.13,100.0,2,0.47840632603406325,1.0,1.0,0.0,0.0003258105530832278,0.0003337571519389515,1.589319771133635e-05,1.0
85097001,142738,2017-05-16 05:36:00,2018-12-31 23:54:00,46.925,-1.024,190.0,2,0.542647506082725,1.0,1.0,6.305258585659335e-05,1.0,1.0,2.8023371491769922e-05,1.0
35238003,118948,2017-08-23 06:24:00,2018-12-31 23:54:00,48.13,-1.64,65.0,2,0.4522049878345499,1.0,1.0,0.0,1.0,1.0,5.044221004135707e-05,1.0
29278001,130297,2016-01-01 00:00:00,2017-06-30 07:00:00,48.17,-3.73,138.0,2,0.4953505170316302,0.0013814592814876958,0.0013814592814876958,0.01630889429534066,0.004313222867755928,0.004320897641541976,0.004320897641541976,1.0
56251001,102052,2016-01-01 00:00:00,2017-03-02 06:00:00,47.64,-2.62,29.0,2,0.3879714111922141,1.0,1.0,0.0,1.0,1.0,0.7999843217183397,1.0
41173002,95262,2016-01-01 00:00:00,2017-02-02 06:00:00,47.9,1.52,129.0,2,0.36215784671532847,1.0,1.0,0.0,0.7999937015809032,0.7999937015809032,0.7999937015809032,1.0
79253002,88071,2016-01-01 00:00:00,2017-01-02 12:00:00,46.457,-0.205,129.0,2,0.334819799270073,1.0,1.0,5.677237683232583e-05,1.0,1.0,0.8000022708950733,1.0
86092002,81298,2016-01-01 00:00:00,2017-01-02 06:00:00,46.917,0.622,65.0,2,0.30907086374695864,1.0,1.0,0.0003075106398681138,1.0,1.0,0.8000565819577358,1.0
86096001,87077,2016-01-01 00:00:00,2017-01-02 06:00:00,46.852,0.287,95.0,2,0.33104090632603406,1.0,1.0,0.0005167839957738174,1.0,1.0,0.8001538867898527,1.0
44051002,145662,2016-01-01 00:00:00,2017-09-01 12:00:00,47.69,-1.69,43.0,2,0.5537636861313868,1.0,1.0,8.924771045293323e-05,1.0,1.0,0.8011835619447762,1.0
56178003,77300,2016-01-01 00:00:00,2016-11-18 10:00:00,48.06,-2.95,83.0,1,0.29387165450121655,0.0,0.0,0.0,0.0002457956015523566,0.0002457956015523566,0.0,1.0
22108001,58209,2018-05-03 11:06:00,2018-12-31 23:54:00,48.692,-3.04,0.0,1,0.2212933394160584,1.0,1.0,0.0,1.0,1.0,0.0,1.0
29113001,58209,2018-05-03 11:06:00,2018-12-31 23:54:00,48.663,-3.693,0.0,1,0.2212933394160584,1.0,1.0,0.0,1.0,1.0,0.0,1.0
50139001,47974,2018-06-14 12:06:00,2018-12-31 23:54:00,49.051,-1.04,28.0,1,0.18238290754257908,1.0,1.0,4.168924834280219e-05,1.0,1.0,0.0,1.0
78505001,39442,2018-07-20 15:18:00,2018-12-31 23:54:00,48.868,1.673,107.0,1,0.14994677615571775,1.0,1.0,5.070736778056695e-05,1.0,1.0,0.0,1.0
56081003,20473,2016-01-01 00:00:00,2016-03-26 17:00:00,48.05,-3.66,165.0,1,0.07783226885644769,0.0,0.0,0.0,0.0,0.0,0.0,1.0
35294001,20024,2018-10-09 13:36:00,2018-12-31 23:54:00,47.693,-1.998,46.0,1,0.07612530413625304,1.0,1.0,0.0,1.0,1.0,0.0,1.0
37122001,18588,2018-10-15 13:12:00,2018-12-31 23:54:00,47.351,0.654,85.0,1,0.07066605839416058,1.0,1.0,0.0,0.0,0.0,0.0,1.0
49007011,16233,2018-10-25 08:06:00,2018-12-31 23:54:00,47.453,-0.56,35.0,1,0.06171304744525547,1.0,1.0,0.0,1.0,1.0,0.0,1.0
37113001,12622,2018-11-09 09:48:00,2018-12-31 23:54:00,46.92,0.806,70.0,1,0.04798509732360097,1.0,1.0,0.0,1.0,1.0,0.0,1.0
37119001,12607,2018-11-09 11:18:00,2018-12-31 23:54:00,47.119,0.421,38.0,1,0.04792807177615572,1.0,1.0,0.0,1.0,1.0,0.0,1.0
49276001,11178,2018-11-15 10:12:00,2018-12-31 23:54:00,47.353,-1.008,22.0,1,0.04249543795620438,1.0,1.0,0.0,1.0,1.0,0.0,1.0
37241001,10214,2018-11-19 10:36:00,2018-12-31 23:54:00,47.444,0.318,86.0,1,0.03883059610705596,1.0,1.0,0.0,1.0,1.0,0.0,1.0
37170001,10202,2018-11-19 11:48:00,2018-12-31 23:54:00,47.605,0.598,114.0,1,0.038784975669099754,1.0,1.0,0.0,1.0,1.0,0.0,1.0
49373001,9491,2018-11-22 10:54:00,2018-12-31 23:54:00,47.147,-0.53,98.0,1,0.03608196472019465,1.0,1.0,0.0,1.0,1.0,0.0,1.0
76582001,8257,2018-11-27 14:18:00,2018-12-31 23:54:00,49.84,1.167,22.0,1,0.03139066301703163,1.0,1.0,0.0,1.0,1.0,0.0,1.0
86066001,6328,2018-12-05 15:12:00,2018-12-31 23:54:00,46.814,0.577,116.0,1,0.024057177615571777,1.0,1.0,0.0,1.0,1.0,0.0,1.0
61377001,6108,2018-12-06 13:12:00,2018-12-31 23:54:00,48.724,-0.73,306.0,1,0.02322080291970803,1.0,1.0,0.0,1.0,1.0,0.0,1.0
36088005,4760,2017-10-18 11:06:00,2017-11-07 07:00:00,46.948,1.993,140.0,1,0.01809610705596107,1.0,1.0,0.00021008403361344463,1.0,1.0,0.0,1.0
35238800,2851,2017-08-11 09:00:00,2017-08-23 06:00:00,48.13,-1.64,65.0,1,0.010838655717761558,1.0,1.0,0.0,1.0,1.0,0.0,1.0
49027001,8057,2018-11-28 10:18:00,2018-12-31 23:54:00,47.152,-0.938,100.0,1,0.030630322384428223,1.0,1.0,0.0,1.0,1.0,0.00012411567580983274,1.0
49022001,12856,2018-11-08 10:24:00,2018-12-31 23:54:00,47.309,-0.597,81.0,1,0.04887469586374696,1.0,1.0,0.0,1.0,1.0,0.000155569383945231,1.0
22135001,76250,2016-01-01 00:00:00,2016-11-14 09:00:00,48.55,-3.38,148.0,1,0.2898798661800487,0.0038426229508197185,0.0038426229508197185,0.0,0.00030163934426230554,0.0004983606557377174,0.0002360655737705386,1.0
23025001,6094,2018-12-05 08:48:00,2018-12-31 23:54:00,46.322,1.912,371.0,1,0.02316757907542579,1.0,1.0,0.0,1.0,1.0,0.0003281916639317206,1.0
35026001,18628,2018-10-15 09:12:00,2018-12-31 23:54:00,48.111,-2.124,84.0,1,0.07081812652068127,1.0,1.0,0.0,1.0,1.0,0.0037041013528021915,1.0
86118001,761,2016-01-01 00:00:00,2016-01-04 04:00:00,46.477,0.985,120.0,1,0.0028930961070559613,1.0,1.0,0.0,1.0,1.0,0.7989487516425755,1.0
86149001,781,2016-01-01 00:00:00,2016-01-04 06:00:00,46.917,0.025,60.0,1,0.002969130170316302,1.0,1.0,0.0,1.0,1.0,0.7989756722151089,1.0
53215001,58141,2016-01-01 00:00:00,2016-08-31 06:00:00,47.79,-0.71,63.0,1,0.22103482360097323,1.0,1.0,0.0,0.800037839046456,0.8355549440154109,0.8355205448822689,1.0
