family,run,config,best_epoch,val_loss,val_accuracy,train_accuracy,gap,seconds,params,trainable
cnn,0,"{""filters"": [32, 64], ""drop"": 0.0, ""aug"": false, ""lr"": 0.001}",11,0.35083991289138794,0.8765000104904175,0.8901666402816772,0.013666629791259766,39.86540633999999,28714,28522
cnn,1,"{""filters"": [32, 64], ""drop"": 0.3, ""aug"": true, ""lr"": 0.001}",12,0.49439266324043274,0.8211666941642761,0.8091296553611755,-0.012037038803100586,71.59380426500002,28714,28522
cnn,2,"{""filters"": [64, 128], ""drop"": 0.3, ""aug"": true, ""lr"": 0.001}",10,0.49155935645103455,0.8253333568572998,0.8102037310600281,-0.015129625797271729,90.61513279299999,92874,92490
cnn,3,"{""filters"": [32, 64], ""drop"": 0.3, ""aug"": true, ""lr"": 0.0001}",12,0.7506028413772583,0.7253333330154419,0.7092592716217041,-0.016074061393737793,60.145698684000024,28714,28522
vgg16,0,"{""drop"": 0.2, ""aug"": false, ""lr"": 0.001}",10,0.3238407075405121,0.8830000162124634,0.8708703517913818,-0.012129664421081543,888.9560645950002,14719818,5130
vgg16,1,"{""drop"": 0.4, ""aug"": true, ""lr"": 0.001}",12,0.4367707073688507,0.843666672706604,0.8130555748939514,-0.030611097812652588,621.249355187,14719818,5130
vgg16,2,"{""drop"": 0.4, ""aug"": true, ""lr"": 0.0001}",12,0.5187435150146484,0.8298333287239075,0.7788888812065125,-0.05094444751739502,617.129192697,14719818,5130
mobilenetv2,0,"{""drop"": 0.2, ""aug"": false, ""lr"": 0.001}",10,0.26689329743385315,0.9013333320617676,0.8985925912857056,-0.0027407407760620117,149.64347118000023,2270794,12810
mobilenetv2,1,"{""drop"": 0.3, ""aug"": true, ""lr"": 0.001}",10,0.3733067512512207,0.8616666793823242,0.8486666679382324,-0.013000011444091797,238.3437827380003,2270794,12810
mobilenetv2,2,"{""drop"": 0.3, ""aug"": true, ""lr"": 0.0001}",12,0.41843029856681824,0.8418333530426025,0.831333339214325,-0.010500013828277588,236.15984559400022,2270794,12810
