Modelo,Configuración,Mejor época,Accuracy val.,Pérdida val.,Brecha,Tiempo (s)
CNN desde cero,32-64 · drop 0 · sin aug · lr 0.001,11,0.8765000104904175,0.3508399128913879,0.0136666297912597,39.86540633999999
CNN desde cero,64-128 · drop 0.3 · aug · lr 0.001,10,0.8253333568572998,0.4915593564510345,-0.0151296257972717,90.615132793
CNN desde cero,32-64 · drop 0.3 · aug · lr 0.001,12,0.8211666941642761,0.4943926632404327,-0.0120370388031005,71.59380426500002
CNN desde cero,32-64 · drop 0.3 · aug · lr 0.0001,12,0.7253333330154419,0.7506028413772583,-0.0160740613937377,60.14569868400002
MobileNetV2,drop 0.2 · sin aug · lr 0.001,10,0.9013333320617676,0.2668932974338531,-0.002740740776062,149.64347118000023
MobileNetV2,drop 0.3 · aug · lr 0.001,10,0.8616666793823242,0.3733067512512207,-0.0130000114440917,238.3437827380003
MobileNetV2,drop 0.3 · aug · lr 0.0001,12,0.8418333530426025,0.4184302985668182,-0.0105000138282775,236.15984559400025
VGG16,drop 0.2 · sin aug · lr 0.001,10,0.8830000162124634,0.3238407075405121,-0.0121296644210815,888.9560645950002
VGG16,drop 0.4 · aug · lr 0.001,12,0.843666672706604,0.4367707073688507,-0.0306110978126525,621.249355187
VGG16,drop 0.4 · aug · lr 0.0001,12,0.8298333287239075,0.5187435150146484,-0.050944447517395,617.129192697
