Clase,CNN desde cero,VGG16,MobileNetV2,EfficientNetV2-B0
Shirt,0.70665988815455,0.7939698492462312,0.7751243781094528,0.787192118226601
T-shirt/top,0.8347311297483967,0.8864292589027911,0.8787728847105394,0.8863983698420784
Coat,0.820990681706719,0.9066400399400899,0.8915187376725838,0.8913480885311871
Pullover,0.8414634146341463,0.9062821833161689,0.8920716112531969,0.8958958958958959
Dress,0.8762376237623762,0.9270256668344238,0.9185110663983903,0.9183874139626352
Sneaker,0.9457593688362919,0.9658869395711501,0.9631449631449631,0.964729259811227
Ankle boot,0.9587109768378651,0.964451313755796,0.9633401221995926,0.9703069954705587
Sandal,0.9658976930792377,0.9870388833499502,0.9845232151772342,0.9815277084373439
Bag,0.974025974025974,0.9900497512437811,0.9880597014925373,0.9914701455092825
Trouser,0.979177247333672,0.9914615770969362,0.9889224572004028,0.9874434957307886
